Alexa 12 Pool,DarkZero,Kevin,Mestaman,MrNovember,whsper,ZestIsBest,Zero,,,,,,
Amazon Painforest,Feniks,Jolin=all3nvan,Kevin,Malk,Taeho,NaCl,meTzelmaTz,NaCl,Uroborus,bablit,commamloser,,
AMD RyzenG,Spectre,blithe,ProfMeowmers,Andrew4777,HighQmLeaf,Gokhan,iWushu,Dejanigma,CowInAPie,,,,
Apple MacRoPro,AGiantSmurf,coolwhip,Foggy,Laserath,Funkytown,Vdek,Lagforce,,,,,,
Bloomzerg,AquaBlack,brueda,FearCat,Infinity,shengy,sustorm,DisCerN,Youiur,YolBolsun,,,,
Eagleview SC2,DEVD,LuMorY,Mannered,PanDasoul,Trizar,DJRUFIO,Maphtar,pandasoul,GrimmTale,,,,
Facebook Zuckerzerg,frugs,keelar,PluTo,SourSpinach,Wailord,Arcane,getsu,Juno,Katfish,tsuki,,,
Findex Fast Expand,Anelit,icyCow,Jackal,JimGaynor,MyKill,StoicWilly,Winze,,,,,,
Garmin Fenix,BadassGinger,Evan,JcbdBrad BadassGinger,MrJin,PapaGil,RexALiquid,Sunflasher,Tiran,KGBXaiver,Kronos,TabulaRasa,Rook,Juba
Google AlphaStars,Fent,Fentoyal,Fran,Gyalgatine,OrangCaramel,SilverBullet,Turing,TwoBanez,You=Xiaoxiao,tskuzzy,,,
Google BetaStar,Optimization,Alex,Pacifists,Alken,pzlin,Vauxhall,Combust,Cherilady,,,,,
Google Cannon Platform,FarFetchd,aroich666=arioch,sineon,alunatic=lunatic,cheesemaster,Cicero,bees,halflings,,,,,
Google YouNube,Majak,sandboX,Nebula,Galoubet,eSymbol,empathe,xale,Meezen,KinCornKarn,MAznDragon,Sapientia,,
Google Noobernetes,MUSTARDTIGER,Gecko,Lackthereof,francium,feaisil,winterminute,larry,Kevin,atlantean,maybecake,Smitti,,
IBM Raiders,HowieZ,Kolo,MorOs,Treadle,VoxVeritas,wokparty,PandaLove,BARCODE=IIIIIIIIIIII,GreatArchon,,,,
Peloton Pelocraft,Argyle,Daggerfield,Iceman,Kitagawa,Phate,OneShotKilla,,,,,,,
Shopify Dropshippers,Alephnaut=Lethologica,Bound,Haze,Inkarnate,Selesse,Seu,Thadeaus,FutureNights,Allen,,,,
Workday My Life for HR,GeLouKo,kuoch,BaconPancake,DetRice,HiddenSquid,Rogue,Injunpreet,cataclyzmic,SLeePY,olaf,,,
Wraitheon,FireFerret,Puzzle,Shardarki,Slum,Slumdog,TemplarAF,Thames,Newbi,Starviper,Zergachu,,,
